Team,Age,W,MOV,SOS,SRS,ORtg,DRtg,NRtg,Pace,FTr,3PAr,TS%,eFG%,TOV%,ORB%,FT/FGA,Opp_eFG%,Opp_TOV%,DRB%,Opp_FT/FGA
San Antonio Spurs*,30.4,58,8.43,-0.08,8.35,109.2,99.9,+9.3,89.8,.313,.247,.561,.521,13.6,24.2,.235,.471,14.0,75.7,.201
Dallas Mavericks*,28.1,67,7.22,0.06,7.28,111.3,103.2,+8.1,89.5,.317,.218,.559,.509,13.4,28.7,.256,.477,14.2,75.0,.265
Phoenix Suns*,27.6,61,7.30,-0.03,7.28,113.9,106.4,+7.5,95.6,.267,.287,.590,.551,13.4,22.7,.215,.492,13.6,71.9,.206
Chicago Bulls*,26.0,49,5.01,-0.49,4.52,104.9,99.6,+5.3,93.6,.313,.186,.534,.493,14.7,28.6,.229,.473,16.2,74.3,.252
Houston Rockets*,28.2,52,4.85,0.19,5.04,106.0,100.7,+5.3,90.7,.292,.290,.540,.499,13.6,25.7,.220,.466,13.6,77.0,.230
Detroit Pistons*,29.0,53,4.16,-0.47,3.69,108.9,104.2,+4.7,87.3,.307,.201,.535,.488,12.0,28.3,.237,.477,14.3,70.9,.234
Cleveland Cavaliers*,26.9,50,3.83,-0.50,3.33,105.5,101.3,+4.2,90.8,.320,.211,.522,.484,13.4,29.7,.223,.480,14.7,75.8,.243
Utah Jazz*,25.9,51,2.87,0.20,3.06,110.1,107.0,+3.1,91.6,.380,.163,.551,.502,14.5,31.7,.283,.496,14.4,75.1,.314
Denver Nuggets*,26.5,45,1.62,0.07,1.69,107.6,105.9,+1.7,97.4,.360,.212,.548,.501,14.6,28.9,.268,.499,14.5,71.8,.203
Toronto Raptors*,26.0,47,0.99,-0.38,0.61,107.0,106.0,+1.0,92.6,.303,.224,.550,.504,13.0,22.2,.239,.503,14.3,74.5,.219
Orlando Magic*,25.6,40,0.78,-0.43,0.35,104.9,104.1,+0.8,89.9,.393,.158,.544,.500,16.3,29.3,.276,.480,14.6,73.7,.286
Los Angeles Lakers*,25.3,42,-0.07,0.32,0.24,108.6,108.6,0.0,93.5,.333,.259,.554,.511,14.3,26.1,.249,.500,13.5,72.3,.262
Golden State Warriors*,24.6,42,-0.34,0.34,0.00,107.0,107.4,-0.4,99.2,.300,.279,.548,.512,14.1,25.6,.215,.506,16.1,69.6,.264
Washington Wizards*,26.8,41,-0.51,-0.28,-0.80,110.1,110.6,-0.5,94.1,.356,.237,.542,.491,12.6,28.1,.272,.517,14.4,71.0,.249
New Jersey Nets*,28.2,41,-0.77,-0.23,-1.00,105.7,106.6,-0.9,91.4,.338,.263,.546,.504,14.2,24.6,.245,.490,13.7,74.4,.266
Miami Heat*,29.3,44,-0.91,-0.29,-1.21,104.3,105.3,-1.0,89.9,.321,.245,.541,.506,14.3,24.9,.222,.485,13.8,73.3,.232



